{
  "name": "Threat Intel Aggregator",
  "nodes": [
    {
      "parameters": {
        "triggerTimes": {
          "item": [
            {
              "mode": "everyHour"
            }
          ]
        }
      },
      "name": "Cron",
      "type": "n8n-nodes-base.cron",
      "typeVersion": 1,
      "position": [300, 300]
    },
    {
      "parameters": {
        "url": "={{ $env.THREAT_FEED_URL }}",
        "method": "GET",
        "headersUi": {
          "parameter": [
            {
              "name": "Authorization",
              "value": "Bearer {{ $env.THREAT_API_KEY }}"
            }
          ]
        }
      },
      "name": "Fetch Feed",
      "type": "n8n-nodes-base.httpRequest",
      "typeVersion": 1,
      "position": [500, 300]
    },
    {
      "parameters": {
        "functionCode": "const items = $json.items || $json.data || []; return items.map(item => { const severity = item.severity || 0; const confidence = item.confidence || 0; const score = severity + confidence; return { json: { ...item, score } };});"
      },
      "name": "Score Items",
      "type": "n8n-nodes-base.function",
      "typeVersion": 1,
      "position": [700, 300]
    },
    {
      "parameters": {
        "conditions": {
          "number": [
            {
              "value1": "={{ $json.score }}",
              "operation": "largerEqual",
              "value2": 8
            }
          ]
        }
      },
      "name": "If High Score?",
      "type": "n8n-nodes-base.if",
      "typeVersion": 1,
      "position": [900, 300]
    },
    {
      "parameters": {
        "url": "={{ $env.SLACK_WEBHOOK_URL }}",
        "method": "POST",
        "jsonParameters": true,
        "options": {
          "bodyContentType": "json"
        },
        "bodyParametersJson": "{\"text\": \"🚨 High-risk threat intel detected: {{ $json.title || $json.id }} (score: {{ $json.score }}).\"}"
      },
      "name": "Slack Alert (High)",
      "type": "n8n-nodes-base.httpRequest",
      "typeVersion": 1,
      "position": [1100, 200]
    }
  ],
  "connections": {
    "Cron": {
      "main": [
        [
          {
            "node": "Fetch Feed",
            "type": "main",
            "index": 0
          }
        ]
      ]
    },
    "Fetch Feed": {
      "main": [
        [
          {
            "node": "Score Items",
            "type": "main",
            "index": 0
          }
        ]
      ]
    },
    "Score Items": {
      "main": [
        [
          {
            "node": "If High Score?",
            "type": "main",
            "index": 0
          }
        ]
      ]
    },
    "If High Score?": {
      "main": [
        [
          {
            "node": "Slack Alert (High)",
            "type": "main",
            "index": 0
          }
        ]
      ]
    }
  },
  "active": false,
  "versionId": "1",
  "id": "threatIntelAggregator"
}
